source,target,distance
Cheng2025,Cheng2025,0
Cheng2025,Gupta2025,1.4285714285714286
Cheng2025,Papajorgji2025,1.4285714285714286
Cheng2025,Mutambara2025,1.5740594994490793
Cheng2025,Sanmugam2025,1.6048788316482105
